{
  "roller-001": {
    "start": {
      "x": -10.691089520690303,
      "z": 8.77895033330843,
      "front": -9.68,
      "up": 0.02,
      "right": -9.89
    },
    "waypoint": {
      "x": -11.40592801922655,
      "z": -0.032701685171020234,
      "front": -0.96,
      "up": 0.02,
      "right": -11.37
    },
    "end": {
      "x": 18.028872555351544,
      "z": 3.0696758664981836,
      "front": -1.49,
      "up": 0.02,
      "right": 18.23
    }
  }
}
